{
  "pattern": "results/final_s*_ho777_np_iqrmid_temp_u16n50_k2.json",
  "files": [
    "results/final_s17_ho777_np_iqrmid_temp_u16n50_k2.json",
    "results/final_s29_ho777_np_iqrmid_temp_u16n50_k2.json",
    "results/final_s43_ho777_np_iqrmid_temp_u16n50_k2.json"
  ],
  "bagged_metrics": {
    "threshold": 0.4851866502519293,
    "sensitivity": 0.8205128205128205,
    "specificity": 0.875,
    "auc": 0.8269230769230769
  }
}